subject,performance
sub-27,0.770949720670391
sub-28,0.8595505617977528
sub-29,0.738562091503268
sub-30,0.788235294117647
sub-31,0.75
sub-32,0.756578947368421
sub-33,0.8176470588235294
sub-34,0.8089887640449438
sub-35,0.8208092485549133
sub-36,0.7470588235294118
sub-37,0.7752808988764045
sub-38,0.7640449438202247
